{
  "mae": 0.021288977823173842,
  "rmse": 0.052341890488216,
  "r2": 0.9830737160297238,
  "mean_curve_mae": 0.021288977823173842,
  "median_curve_mae": 0.008120478329453732,
  "mean_curve_rmse": 0.02746208836586152,
  "median_curve_rmse": 0.010257166266696049,
  "max_C_mae": 0.03494195264252131,
  "t_max_C_mae": 0.4955007596120135,
  "curves_rmse_gt_0.01": 87,
  "fraction_rmse_gt_0.01": 0.5058139534883721,
  "curves_rmse_gt_0.02": 61,
  "fraction_rmse_gt_0.02": 0.3546511627906977,
  "curves_rmse_gt_0.05": 23,
  "fraction_rmse_gt_0.05": 0.13372093023255813,
  "curves_rmse_gt_0.1": 13,
  "fraction_rmse_gt_0.1": 0.0755813953488372,
  "curves_relative_rmse_gt_0.05": 25,
  "fraction_relative_rmse_gt_0.05": 0.14534883720930233,
  "curves_relative_rmse_gt_0.1": 15,
  "fraction_relative_rmse_gt_0.1": 0.0872093023255814,
  "curves_relative_rmse_gt_0.2": 6,
  "fraction_relative_rmse_gt_0.2": 0.03488372093023256,
  "curves_relative_rmse_gt_0.5": 0,
  "fraction_relative_rmse_gt_0.5": 0.0,
  "model": "PCA + HistGradientBoostingRegressor",
  "n_components": 80,
  "explained_variance": 0.9999770554920078,
  "remaining_unexplained_variance": 2.294450799222858e-05,
  "min_valid_fraction": 0.5,
  "min_mean_reliability": 0.05,
  "train_curves": 1545,
  "test_curves": 172,
  "feature_names": [
    "gamma_A",
    "gamma_B",
    "gamma_mean",
    "gamma_delta",
    "abs_gamma_delta",
    "gamma_delta_ratio",
    "omega_A",
    "omega_B",
    "omega_mean",
    "omega_delta",
    "abs_omega_delta",
    "omega_delta_ratio",
    "Sigma2_A",
    "Sigma2_B",
    "Sigma2_mean",
    "Sigma2_delta",
    "coupling_delay"
  ],
  "regressor": {
    "type": "HistGradientBoostingRegressor",
    "max_iter": 500,
    "learning_rate": 0.05,
    "max_leaf_nodes": 31,
    "l2_regularization": 0.0001
  }
}