{
  "mae": 0.017432223970502665,
  "rmse": 0.04970303555013693,
  "r2": 0.9847373958393416,
  "mean_curve_mae": 0.017432223970502668,
  "median_curve_mae": 0.006986892136448944,
  "mean_curve_rmse": 0.024123404783454046,
  "median_curve_rmse": 0.009257530126401597,
  "max_C_mae": 0.023809300168641603,
  "t_max_C_mae": 0.2909898328853569,
  "curves_rmse_gt_0.01": 77,
  "fraction_rmse_gt_0.01": 0.4476744186046512,
  "curves_rmse_gt_0.02": 46,
  "fraction_rmse_gt_0.02": 0.26744186046511625,
  "curves_rmse_gt_0.05": 20,
  "fraction_rmse_gt_0.05": 0.11627906976744186,
  "curves_rmse_gt_0.1": 7,
  "fraction_rmse_gt_0.1": 0.040697674418604654,
  "curves_relative_rmse_gt_0.05": 23,
  "fraction_relative_rmse_gt_0.05": 0.13372093023255813,
  "curves_relative_rmse_gt_0.1": 12,
  "fraction_relative_rmse_gt_0.1": 0.06976744186046512,
  "curves_relative_rmse_gt_0.2": 4,
  "fraction_relative_rmse_gt_0.2": 0.023255813953488372,
  "curves_relative_rmse_gt_0.5": 0,
  "fraction_relative_rmse_gt_0.5": 0.0,
  "model": "Curve-output PyTorch MLP",
  "hidden_dim": 256,
  "num_hidden_layers": 5,
  "dropout": 0.0,
  "use_softplus": true,
  "epochs": 150,
  "best_epoch": 149,
  "best_test_loss": 0.0005238486531501015,
  "batch_size": 64,
  "learning_rate": 0.001,
  "weight_decay": 0.0001,
  "data_loss_weight": 1.0,
  "smoothness_loss_weight": 0.0001,
  "smoothness_huber_delta": 0.01,
  "min_valid_fraction": 0.5,
  "min_mean_reliability": 0.05,
  "train_curves": 1545,
  "test_curves": 172,
  "feature_names": [
    "gamma_A",
    "gamma_B",
    "gamma_mean",
    "gamma_delta",
    "abs_gamma_delta",
    "gamma_delta_ratio",
    "omega_A",
    "omega_B",
    "omega_mean",
    "omega_delta",
    "abs_omega_delta",
    "omega_delta_ratio",
    "Sigma2_A",
    "Sigma2_B",
    "Sigma2_mean",
    "Sigma2_delta",
    "coupling_delay"
  ]
}